symbol,time_bin,predicted_next_return
META,2024-08-07,4.8828784e-05
AMZN,2024-08-08,0.005729956
AAPL,2024-08-08,0.003525364
GOOG,2024-08-08,0.016741926
META,2024-08-08,0.005818201
MSFT,2024-08-08,0.005834698
GOOG,2024-08-09,0.005496102
AAPL,2024-08-09,-0.0049085794
META,2024-08-09,0.0023479788
AMZN,2024-08-09,0.0001216219
MSFT,2024-08-09,0.0013734644
META,2024-08-12,-0.036279414
GOOG,2024-08-12,0.0021748506
AAPL,2024-08-12,-0.007997524
AMZN,2024-08-12,-0.0018827679
MSFT,2024-08-12,0.0025308905
META,2024-08-13,0.057847086
GOOG,2024-08-13,0.011575636
AAPL,2024-08-13,0.009910902
AMZN,2024-08-13,0.019304072
MSFT,2024-08-13,0.013740357
AMZN,2024-08-14,0.0013521635
AAPL,2024-08-14,0.003030941
GOOG,2024-08-14,0.0059935576
MSFT,2024-08-14,0.009402731
META,2024-08-14,-0.00399115
MSFT,2024-08-15,0.02294842
AAPL,2024-08-15,0.016754048
META,2024-08-15,0.012612203
AMZN,2024-08-15,0.027818758
GOOG,2024-08-15,0.018099604
AAPL,2024-08-16,-0.0018896237
AMZN,2024-08-16,-0.0011468548
META,2024-08-16,-0.0036225724
MSFT,2024-08-16,0.014467268
GOOG,2024-08-16,0.0014052216
GOOG,2024-08-19,0.016263016
AMZN,2024-08-19,0.010346932
MSFT,2024-08-19,0.010561967
AAPL,2024-08-19,0.007836266
META,2024-08-19,0.011441657
GOOG,2024-08-20,-0.0015697341
META,2024-08-20,0.002992702
AAPL,2024-08-20,0.00075977173
MSFT,2024-08-20,-0.00083710253
AMZN,2024-08-20,-0.0062470613
AMZN,2024-08-21,0.00030008226
META,2024-08-21,-0.0016673745
GOOG,2024-08-21,0.0045485115
AAPL,2024-08-21,0.0014665162
MSFT,2024-08-21,0.004454818
MSFT,2024-08-22,-0.012075577
AMZN,2024-08-22,-0.017839355
AAPL,2024-08-22,-0.005678615
GOOG,2024-08-22,-0.01372717
META,2024-08-22,-0.022837717
MSFT,2024-08-23,0.01489043
AAPL,2024-08-23,0.011242212
META,2024-08-23,0.0052827047
AMZN,2024-08-23,0.009409544
GOOG,2024-08-23,0.008330594
AAPL,2024-08-26,-0.0039737853
META,2024-08-26,0.0025212334
GOOG,2024-08-26,-0.0012605519
MSFT,2024-08-26,-0.00034681964
AMZN,2024-08-26,-0.006078501
GOOG,2024-08-27,0.00515195
MSFT,2024-08-27,0.009269809
AAPL,2024-08-27,0.0025472036
AMZN,2024-08-27,0.0035232077
META,2024-08-27,0.01057321
AAPL,2024-08-28,-0.0059516844
GOOG,2024-08-28,-0.005036919
MSFT,2024-08-28,-0.004067215
AMZN,2024-08-28,0.010387464
META,2024-08-28,-0.00052648556
MSFT,2024-08-29,-0.0051634163
GOOG,2024-08-29,0.005517567
AAPL,2024-08-29,0.006095099
AMZN,2024-08-29,0.0039185677
META,2024-08-29,0.0037257015
GOOG,2024-08-30,0.02020297
MSFT,2024-08-30,0.012239184
AAPL,2024-08-30,0.00931105
META,2024-08-30,0.013992473
AMZN,2024-08-30,0.0073751085
META,2024-09-03,-0.02117518
AMZN,2024-09-03,-0.02518684
AAPL,2024-09-03,-0.01944067
GOOG,2024-09-03,0.032509882
MSFT,2024-09-03,-0.026791558
META,2024-09-04,0.004716929
AMZN,2024-09-04,0.0034274762
MSFT,2024-09-04,0.017737083
GOOG,2024-09-04,0.013530564
AAPL,2024-09-04,0.017875992
GOOG,2024-09-05,0.0035419478
META,2024-09-05,-0.011817454
MSFT,2024-09-05,-0.0026542672
AMZN,2024-09-05,-0.004365728
AAPL,2024-09-05,0.000109068664
MSFT,2024-09-06,-0.0047609415
AMZN,2024-09-06,-0.0073649334
GOOG,2024-09-06,0.0020328248
AAPL,2024-09-06,-0.010034154
META,2024-09-06,-0.013223388
AMZN,2024-09-09,0.012746456
META,2024-09-09,0.011027639
MSFT,2024-09-09,0.008312934
AAPL,2024-09-09,0.015403514
GOOG,2024-09-09,0.017600786
AAPL,2024-09-10,0.005962609
MSFT,2024-09-10,0.0170721
META,2024-09-10,0.0007112213
GOOG,2024-09-10,0.005850432
AMZN,2024-09-10,0.0043379404
GOOG,2024-09-11,0.0121065425
MSFT,2024-09-11,0.007967396
META,2024-09-11,0.018083883
AAPL,2024-09-11,0.0060738265
AMZN,2024-09-11,0.017408699
META,2024-09-12,0.011150064
GOOG,2024-09-12,0.0012293997
AAPL,2024-09-12,0.009587368
MSFT,2024-09-12,0.0034979074
AMZN,2024-09-12,-0.00016052742
AMZN,2024-09-13,-0.020962046
AAPL,2024-09-13,0.004860527
META,2024-09-13,-0.00024726082
GOOG,2024-09-13,0.006339615
MSFT,2024-09-13,0.0038241504
AAPL,2024-09-16,0.01800215
META,2024-09-16,0.0011624258
AMZN,2024-09-16,0.002609732
MSFT,2024-09-16,0.00029024022
GOOG,2024-09-16,-0.0018634578
META,2024-09-17,-0.005216828
AMZN,2024-09-17,0.00068779825
AAPL,2024-09-17,-0.0017654188
GOOG,2024-09-17,-0.009756717
MSFT,2024-09-17,-0.0020388095
AAPL,2024-09-18,-0.008442975
GOOG,2024-09-18,-0.0068292366
META,2024-09-18,-0.0056521106
AMZN,2024-09-18,-0.0022365642
MSFT,2024-09-18,-0.0037620491
META,2024-09-19,0.011362938
AMZN,2024-09-19,0.015986906
AAPL,2024-09-19,0.020034974
MSFT,2024-09-19,0.018285062
GOOG,2024-09-19,0.013995138
AMZN,2024-09-20,-0.0038318234
GOOG,2024-09-20,-0.0020591726
AAPL,2024-09-20,0.011531079
META,2024-09-20,-0.009809152
MSFT,2024-09-20,-0.0025787242
MSFT,2024-09-23,-0.0004395423
AMZN,2024-09-23,0.0031947675
GOOG,2024-09-23,0.0023185282
META,2024-09-23,-0.006479984
AAPL,2024-09-23,0.0043531354
MSFT,2024-09-24,0.004180615
META,2024-09-24,0.008162994
AMZN,2024-09-24,0.003884119
GOOG,2024-09-24,0.007371196
AAPL,2024-09-24,-0.00014420759
AAPL,2024-09-25,0.0029180283
MSFT,2024-09-25,0.0015139404
META,2024-09-25,-0.011797704
AMZN,2024-09-25,-1.643366e-05
GOOG,2024-09-25,-0.0003068631
AAPL,2024-09-26,0.0056523643
META,2024-09-26,-0.015528043
GOOG,2024-09-26,0.0035395545
AMZN,2024-09-26,0.0058542383
MSFT,2024-09-26,0.0047523947
AMZN,2024-09-27,0.00022392084
META,2024-09-27,-0.009266693
AAPL,2024-09-27,-0.008337116
GOOG,2024-09-27,-0.0016045661
MSFT,2024-09-27,-0.00018762448
MSFT,2024-09-30,0.013204432
META,2024-09-30,0.0025942794
AMZN,2024-09-30,0.004223096
GOOG,2024-09-30,0.008360752
AAPL,2024-09-30,0.0012761364
MSFT,2024-10-01,-0.009225155
GOOG,2024-10-01,-0.022567464
AMZN,2024-10-01,-0.020831298
AAPL,2024-10-01,-0.0063859527
META,2024-10-01,-0.014976833
AMZN,2024-10-02,0.0010083783
MSFT,2024-10-02,0.0019447767
AAPL,2024-10-02,-0.0024903773
GOOG,2024-10-02,-0.0022249287
META,2024-10-02,-0.006502638
MSFT,2024-10-03,0.0124026025
META,2024-10-03,-0.0024107231
AMZN,2024-10-03,0.008918417
GOOG,2024-10-03,-0.0026793974
AAPL,2024-10-03,-0.00028958582
AAPL,2024-10-04,0.009412519
META,2024-10-04,-0.007380056
GOOG,2024-10-04,0.009798885
AMZN,2024-10-04,-0.015172873
MSFT,2024-10-04,0.009498896
META,2024-10-07,-0.04162348
GOOG,2024-10-07,-0.021736816
MSFT,2024-10-07,-0.004707418
AAPL,2024-10-07,-0.010575901
AMZN,2024-10-07,-0.019045755
AMZN,2024-10-08,0.009661369
AAPL,2024-10-08,0.009836915
MSFT,2024-10-08,0.012540267
GOOG,2024-10-08,0.012682943
META,2024-10-08,0.008119376
MSFT,2024-10-09,0.01237902
AMZN,2024-10-09,0.0003161283
GOOG,2024-10-09,0.012638373
META,2024-10-09,-0.0016563615
AAPL,2024-10-09,0.003984447
GOOG,2024-10-10,0.006691146
META,2024-10-10,0.005759942
MSFT,2024-10-10,0.00046591947
AMZN,2024-10-10,-0.008273969
AAPL,2024-10-10,-0.0037020817
AAPL,2024-10-11,0.0021008097
META,2024-10-11,0.0014230151
AMZN,2024-10-11,-0.019934813
GOOG,2024-10-11,-0.0018609306
MSFT,2024-10-11,-0.00027805212
META,2024-10-14,0.016107561
AMZN,2024-10-14,0.004559865
AAPL,2024-10-14,0.0088694785
GOOG,2024-10-14,0.00767096
MSFT,2024-10-14,0.00972125
META,2024-10-15,-0.01030041
GOOG,2024-10-15,-0.00920709
AAPL,2024-10-15,-0.005502449
AMZN,2024-10-15,0.0020587381
MSFT,2024-10-15,-0.012066728
GOOG,2024-10-16,0.002465037
AMZN,2024-10-16,0.0031489006
META,2024-10-16,0.0022034843
MSFT,2024-10-16,0.0048758746
AAPL,2024-10-16,0.003931034
AMZN,2024-10-17,0.0014150518
META,2024-10-17,0.013412556
MSFT,2024-10-17,0.0037865613
AAPL,2024-10-17,0.0047314917
GOOG,2024-10-17,-0.0015622597
AAPL,2024-10-18,0.0012760757
AMZN,2024-10-18,0.005702795
META,2024-10-18,0.011173695
MSFT,2024-10-18,0.0070013045
GOOG,2024-10-18,0.006719039
AAPL,2024-10-21,-0.003913515
GOOG,2024-10-21,-0.0015525339
META,2024-10-21,0.0024657398
MSFT,2024-10-21,-0.0028194452
AMZN,2024-10-21,-0.00066701823
GOOG,2024-10-22,-0.002917643
AAPL,2024-10-22,-0.002843812
MSFT,2024-10-22,-0.006879193
META,2024-10-22,0.0003933792
AMZN,2024-10-22,-0.0032048218
MSFT,2024-10-23,-0.017003184
AAPL,2024-10-23,-0.018286554
META,2024-10-23,-0.02784734
GOOG,2024-10-23,-0.014976998
AMZN,2024-10-23,-0.015238267
AMZN,2024-10-24,-0.0019130262
META,2024-10-24,0.0017092108
AAPL,2024-10-24,0.004726269
GOOG,2024-10-24,-0.00093427947
MSFT,2024-10-24,0.0027322848
MSFT,2024-10-25,0.0013212983
AAPL,2024-10-25,-0.0016739079
META,2024-10-25,-0.009420923
AMZN,2024-10-25,-0.006666317
GOOG,2024-10-25,-0.0053807786
GOOG,2024-10-28,0.012884639
MSFT,2024-10-28,0.0033372396
AMZN,2024-10-28,0.005818021
META,2024-10-28,0.0037796106
AAPL,2024-10-28,0.006602477
AMZN,2024-10-29,0.0037166735
MSFT,2024-10-29,-0.0011133276
GOOG,2024-10-29,0.031073697
AAPL,2024-10-29,0.0044896835
META,2024-10-29,0.0036752864
MSFT,2024-10-30,-0.003931174
GOOG,2024-10-30,-0.013665243
AMZN,2024-10-30,-0.0035886625
AAPL,2024-10-30,-0.0015171007
META,2024-10-30,-0.03723381
GOOG,2024-10-31,-0.021173429
AAPL,2024-10-31,-0.024667127
AMZN,2024-10-31,-0.028470717
META,2024-10-31,-0.055380866
MSFT,2024-10-31,-0.022430552
AMZN,2024-11-01,0.02170263
AAPL,2024-11-01,0.01281666
META,2024-11-01,0.00862948
MSFT,2024-11-01,0.0076997126
GOOG,2024-11-01,0.0026131042
GOOG,2024-11-04,0.0030314943
AAPL,2024-11-04,0.010099709
MSFT,2024-11-04,0.0077714478
AMZN,2024-11-04,0.00022807531
META,2024-11-04,0.0011705286
GOOG,2024-11-05,0.012605339
AAPL,2024-11-05,0.0068942495
META,2024-11-05,-0.013674265
MSFT,2024-11-05,0.0077952878
AMZN,2024-11-05,0.009254251
META,2024-11-06,0.008467131
MSFT,2024-11-06,0.016425276
AAPL,2024-11-06,0.012805309
GOOG,2024-11-06,0.005502154
AMZN,2024-11-06,0.017120576
GOOG,2024-11-07,-0.00034334004
META,2024-11-07,0.010237178
AAPL,2024-11-07,0.014031184
AMZN,2024-11-07,0.0011995379
MSFT,2024-11-07,0.011002984
GOOG,2024-11-08,-0.0012577083
META,2024-11-08,0.00548784
AAPL,2024-11-08,0.0027091727
AMZN,2024-11-08,0.0054306407
MSFT,2024-11-08,-0.0024239572
META,2024-11-11,0.0049984874
AAPL,2024-11-11,0.0015411109
AMZN,2024-11-11,-0.004997602
GOOG,2024-11-11,0.0017369814
MSFT,2024-11-11,0.002125366
MSFT,2024-11-12,0.00083067385
META,2024-11-12,-0.0007187675
AMZN,2024-11-12,-0.0040501636
GOOG,2024-11-12,-0.007181248
AAPL,2024-11-12,-0.0032883575
MSFT,2024-11-13,0.00010344836
META,2024-11-13,-0.005088953
GOOG,2024-11-13,-0.0011252547
AAPL,2024-11-13,0.019668184
AMZN,2024-11-13,-0.0045205764
AMZN,2024-11-14,-0.01747947
AAPL,2024-11-14,0.007495878
GOOG,2024-11-14,-0.00563615
META,2024-11-14,-0.006450039
MSFT,2024-11-14,-0.0025079928
AMZN,2024-11-15,-0.0023353242
GOOG,2024-11-15,0.006691542
MSFT,2024-11-15,-0.008734302
AAPL,2024-11-15,0.0024975059
META,2024-11-15,-0.0103421295
AMZN,2024-11-18,0.0020408067
MSFT,2024-11-18,0.0007573654
META,2024-11-18,0.0032621988
GOOG,2024-11-18,0.0018232554
AAPL,2024-11-18,0.006611312
META,2024-11-19,0.006366365
MSFT,2024-11-19,0.009039064
AAPL,2024-11-19,0.00761553
GOOG,2024-11-19,-0.0016092377
AMZN,2024-11-19,0.0005667116
META,2024-11-20,0.00091438286
GOOG,2024-11-20,0.00028248678
AMZN,2024-11-20,0.0035713364
AAPL,2024-11-20,0.004804947
MSFT,2024-11-20,0.0026669696
AMZN,2024-11-21,0.015049764
AAPL,2024-11-21,0.007764711
GOOG,2024-11-21,0.038958486
META,2024-11-21,0.00443654
MSFT,2024-11-21,0.0025813673
AAPL,2024-11-22,0.005138303
META,2024-11-22,0.00065079797
GOOG,2024-11-22,0.011139058
MSFT,2024-11-22,0.0017695655
AMZN,2024-11-22,-0.011096195
MSFT,2024-11-25,-0.001712932
AAPL,2024-11-25,-0.000673215
META,2024-11-25,0.001810114
GOOG,2024-11-25,-0.0005865768
AMZN,2024-11-25,-0.0025670766
AAPL,2024-11-26,0.0046789465
META,2024-11-26,0.0014950057
GOOG,2024-11-26,0.0046169967
MSFT,2024-11-26,0.0011901419
AMZN,2024-11-26,-0.00042790815
AMZN,2024-11-27,-0.0065067764
MSFT,2024-11-27,-0.0029959986
AAPL,2024-11-27,-0.0010983639
GOOG,2024-11-27,0.0012341135
META,2024-11-27,0.0018402621
AAPL,2024-11-29,0.007876503
GOOG,2024-11-29,0.003613272
MSFT,2024-11-29,0.007218735
AMZN,2024-11-29,0.007076422
META,2024-11-29,0.009548696
AMZN,2024-12-02,0.0005302406
AAPL,2024-12-02,0.0015131338
GOOG,2024-12-02,0.0034015412
MSFT,2024-12-02,0.0023361426
META,2024-12-02,-0.0064083096
MSFT,2024-12-03,-0.0020506363
AMZN,2024-12-03,0.0033845527
META,2024-12-03,0.0059691365
AAPL,2024-12-03,-3.544728e-05
GOOG,2024-12-03,-0.0054617636
GOOG,2024-12-04,0.0034445277
AAPL,2024-12-04,0.00836763
AMZN,2024-12-04,-0.0008810628
MSFT,2024-12-04,0.007161577
META,2024-12-04,-0.003413678
MSFT,2024-12-05,-0.011247655
GOOG,2024-12-05,-0.0029620894
META,2024-12-05,-0.009008416
AAPL,2024-12-05,-0.0023355365
AMZN,2024-12-05,-0.006859417
GOOG,2024-12-06,0.0014868251
META,2024-12-06,-0.014401869
AMZN,2024-12-06,-0.007020884
AAPL,2024-12-06,0.0026325763
MSFT,2024-12-06,-0.001999711
META,2024-12-09,-0.0027474402
AMZN,2024-12-09,-0.019095456
AAPL,2024-12-09,-0.009394872
GOOG,2024-12-09,0.0012545048
MSFT,2024-12-09,-0.003279962
MSFT,2024-12-10,-4.254042e-05
AMZN,2024-12-10,-0.010407201
AAPL,2024-12-10,-0.005251441
GOOG,2024-12-10,0.002257942
META,2024-12-10,-0.0027612867
AAPL,2024-12-11,0.009410755
MSFT,2024-12-11,0.0050835144
GOOG,2024-12-11,0.029034369
AMZN,2024-12-11,0.008804435
META,2024-12-11,0.011114244
META,2024-12-12,-0.0044957446
AMZN,2024-12-12,-0.0103993565
GOOG,2024-12-12,-0.010162421
AAPL,2024-12-12,-0.008075686
MSFT,2024-12-12,-0.004120803
MSFT,2024-12-13,-4.902586e-05
AAPL,2024-12-13,-0.0044455146
AMZN,2024-12-13,-0.0010061678
META,2024-12-13,-0.003169534
GOOG,2024-12-13,-0.0024530066
AMZN,2024-12-16,-0.003298425
AAPL,2024-12-16,0.0015090748
GOOG,2024-12-16,-0.037743196
MSFT,2024-12-16,0.010525311
META,2024-12-16,0.0029995043
MSFT,2024-12-17,-0.001548604
AMZN,2024-12-17,-0.008748892
AAPL,2024-12-17,-0.012572134
GOOG,2024-12-17,-0.016117133
META,2024-12-17,-0.007751622
MSFT,2024-12-18,-0.027019804
AMZN,2024-12-18,-0.025672618
GOOG,2024-12-18,-0.021132208
AAPL,2024-12-18,-0.03416494
META,2024-12-18,-0.014922396
MSFT,2024-12-19,0.00619501
META,2024-12-19,0.004944313
AAPL,2024-12-19,0.0059238113
GOOG,2024-12-19,-0.002535543
AMZN,2024-12-19,-0.0012525909
AMZN,2024-12-20,0.005923638
MSFT,2024-12-20,0.0020187323
META,2024-12-20,0.018887201
GOOG,2024-12-20,0.0021448387
AAPL,2024-12-20,0.025083255
AAPL,2024-12-23,-0.008824035
MSFT,2024-12-23,-0.0076733604
META,2024-12-23,0.005392563
AMZN,2024-12-23,-0.010943309
GOOG,2024-12-23,0.0037382971
AAPL,2024-12-24,0.008535341
META,2024-12-24,0.01721484
AMZN,2024-12-24,0.0059683835
MSFT,2024-12-24,-0.0018876436
GOOG,2024-12-24,0.010295142
MSFT,2024-12-26,0.004321692
AAPL,2024-12-26,-0.0041514058
META,2024-12-26,-0.0035915836
GOOG,2024-12-26,-0.0054243365
AMZN,2024-12-26,0.0039621773
MSFT,2024-12-27,-0.0059535177
AMZN,2024-12-27,-0.022720618
AAPL,2024-12-27,-0.008124298
META,2024-12-27,-0.006583127
GOOG,2024-12-27,-0.01240939
GOOG,2024-12-30,-0.0061853165
AMZN,2024-12-30,-0.017445926
AAPL,2024-12-30,-0.001928822
META,2024-12-30,-0.009510235
MSFT,2024-12-30,-0.009497593
